relative_path,size_bytes,sha256,source_class,hash_mode
01_full_concept_simulation_summary.json,1442,ed968c99a8b1324f8415270c2fb531a43cae87629745794a337d446a04b93d29,BB35_V1_9_0_PACKAGED_REFERENCE_ARTIFACT,PACKAGED_REFERENCE_SNAPSHOT_SHA256
02_integrated_concept_register.json,1322,f7d56764a77acde06a1f978ce2bec94f521f3767a52a3047841f6cf52fc2b0f4,BB35_V1_9_0_PACKAGED_REFERENCE_ARTIFACT,PACKAGED_REFERENCE_SNAPSHOT_SHA256
03_assumptions_register.csv,670,d478b5bbad9621a4a17f3a35998989b2d755854d9feff86fe27baf1f00c5d707,BB35_V1_9_0_PACKAGED_REFERENCE_ARTIFACT,PACKAGED_REFERENCE_SNAPSHOT_SHA256
04_cross_discipline_handoff_matrix.csv,341,641702583fe238177b18b8a04c4c995972742bfce5730f89b5a57c5e75414e92,BB35_V1_9_0_PACKAGED_REFERENCE_ARTIFACT,PACKAGED_REFERENCE_SNAPSHOT_SHA256
05_consistency_checks.csv,488,12379d374f38ae5a3697c93c5aecc2062a87e8af5127d1141063c19fb5dfdb42,BB35_V1_9_0_PACKAGED_REFERENCE_ARTIFACT,PACKAGED_REFERENCE_SNAPSHOT_SHA256
06_gate_status.json,283,f149bc83f097f374faab1b3207543afa953f170cf130f610082730cc6b9cad97,BB35_V1_9_0_PACKAGED_REFERENCE_ARTIFACT,PACKAGED_REFERENCE_SNAPSHOT_SHA256
07_full_concept_simulation_dashboard.html,1941,5f10ddd7feb7480bb35baa6ec6e93dd11084e1c5e6e5dfc0f122bf22d8938625,BB35_V1_9_0_PACKAGED_REFERENCE_ARTIFACT,PACKAGED_REFERENCE_SNAPSHOT_SHA256
BB35_PILOT_1_FULL_CONCEPT_EVIDENCE_SIMULATION_v1_9_0.zip,32026,2194a78fa62ff5e244da43da02f3032631915a472e410cf723b8cb119b186208,BB35_V1_9_0_PACKAGED_REFERENCE_ARTIFACT,PACKAGED_REFERENCE_SNAPSHOT_SHA256
REQ-102/01_REQ_102_concept_brief.md,466,512d489a4214d679e1ba771253af8fccf7f84c9ebb39397d714d3efe8ee8037e,BB35_V1_9_0_PACKAGED_REFERENCE_ARTIFACT,PACKAGED_REFERENCE_SNAPSHOT_SHA256
REQ-102/02_REQ_102_simulated_geometry.json,319,dd0a0cbb4e91ec3d8c2b209960a92271d818575905851b37066dbb2e3d38c01f,BB35_V1_9_0_PACKAGED_REFERENCE_ARTIFACT,PACKAGED_REFERENCE_SNAPSHOT_SHA256
REQ-102/03_REQ_102_geometry_checks.csv,179,1e4739a4401fd48abaa0186019aa5f01f1fdc8dea8dda6deb2c83db23b2cee84,BB35_V1_9_0_PACKAGED_REFERENCE_ARTIFACT,PACKAGED_REFERENCE_SNAPSHOT_SHA256
REQ-102/04_REQ_102_evidence_gap.json,168,338bcf19fca7d29939802cb7516f9f4c969de01bfc955455c3a2141b07fa8384,BB35_V1_9_0_PACKAGED_REFERENCE_ARTIFACT,PACKAGED_REFERENCE_SNAPSHOT_SHA256
REQ-103/01_REQ_103_concept_brief.md,539,928ea7739c394b1f21edea6ae38b05683c049823ff82f84d9977ef53a60ce5c4,BB35_V1_9_0_PACKAGED_REFERENCE_ARTIFACT,PACKAGED_REFERENCE_SNAPSHOT_SHA256
REQ-103/02_REQ_103_structural_scheme.json,198,769605af1c01039143185673611375bd03a62715de8ccbb119c3ab159e327c2d,BB35_V1_9_0_PACKAGED_REFERENCE_ARTIFACT,PACKAGED_REFERENCE_SNAPSHOT_SHA256
REQ-103/03_REQ_103_concept_loads.csv,190,f3b4766c5120b56a088544f84f63db2bb5996b32e465d4294ea9e8e7da488271,BB35_V1_9_0_PACKAGED_REFERENCE_ARTIFACT,PACKAGED_REFERENCE_SNAPSHOT_SHA256
REQ-103/04_REQ_103_load_path.csv,197,6786c6af1db8160369dc5c358a3bba7a082a357f214d1f50219600e49be4d555,BB35_V1_9_0_PACKAGED_REFERENCE_ARTIFACT,PACKAGED_REFERENCE_SNAPSHOT_SHA256
REQ-103/05_REQ_103_evidence_gap.json,252,19745a16fef0a43dae363ee0d08bd2bef3c6942c0a5f71f982aa8b9779a6afc7,BB35_V1_9_0_PACKAGED_REFERENCE_ARTIFACT,PACKAGED_REFERENCE_SNAPSHOT_SHA256
REQ-104/01_REQ_104_concept_brief.md,503,19788acd1e1a6b6ca6d3bacefd2c351dea4935e4dd6a7ae35c1c5d2539c4a926,BB35_V1_9_0_PACKAGED_REFERENCE_ARTIFACT,PACKAGED_REFERENCE_SNAPSHOT_SHA256
REQ-104/02_REQ_104_synthetic_soil_profile.csv,121,c9f4948d09eb8939d51a0e7d1bfd02e8a08ced3037716798a961c5a9ee5282a0,BB35_V1_9_0_PACKAGED_REFERENCE_ARTIFACT,PACKAGED_REFERENCE_SNAPSHOT_SHA256
REQ-104/03_REQ_104_foundation_concept_calculation.json,271,417862ca830d38613679c797c4ef274a68293ba2ad9d4a4f9f10a6cf0edc7729,BB35_V1_9_0_PACKAGED_REFERENCE_ARTIFACT,PACKAGED_REFERENCE_SNAPSHOT_SHA256
REQ-104/04_REQ_104_risk_register.csv,251,d9c6554435b68ebd44b35669e71487b3cf5664ac0cbfb5a64eba9c5a1d14bba3,BB35_V1_9_0_PACKAGED_REFERENCE_ARTIFACT,PACKAGED_REFERENCE_SNAPSHOT_SHA256
REQ-104/05_REQ_104_evidence_gap.json,212,d7e14ccdbf5e7f3d1e62216b3057e3ef25067b5b219571deb158f0a825017db5,BB35_V1_9_0_PACKAGED_REFERENCE_ARTIFACT,PACKAGED_REFERENCE_SNAPSHOT_SHA256
REQ-105/01_REQ_105_concept_brief.md,590,fa935da63a302c7e2609d45084f268fccdee5011c20c466947a77b6718dc5bfd,BB35_V1_9_0_PACKAGED_REFERENCE_ARTIFACT,PACKAGED_REFERENCE_SNAPSHOT_SHA256
REQ-105/02_REQ_105_fire_egress_concept.json,239,8b2f2cc12023175cebbfeae8e8dd9b88ac2f0a3befc8c20b9d32fcb5c23e5ef1,BB35_V1_9_0_PACKAGED_REFERENCE_ARTIFACT,PACKAGED_REFERENCE_SNAPSHOT_SHA256
REQ-105/03_REQ_105_ventilation_concept.csv,140,a1de74a7873cad972f7460cd75005e583e02e183b64288647352dc376905b7db,BB35_V1_9_0_PACKAGED_REFERENCE_ARTIFACT,PACKAGED_REFERENCE_SNAPSHOT_SHA256
REQ-105/04_REQ_105_egress_calculation.csv,213,ac6c485421a22400d1cc62d342ffb2151ff354c631d7b885ed40e095f6beea81,BB35_V1_9_0_PACKAGED_REFERENCE_ARTIFACT,PACKAGED_REFERENCE_SNAPSHOT_SHA256
REQ-105/05_REQ_105_concept_compliance_matrix.csv,282,518bf87971522583324ed5c0dd955123660510c41753ae6a63b9e0493d4bde67,BB35_V1_9_0_PACKAGED_REFERENCE_ARTIFACT,PACKAGED_REFERENCE_SNAPSHOT_SHA256
REQ-105/06_REQ_105_evidence_gap.json,306,0866314804b83ecc42b52ad523a0a9db22773accb7cbfc4a742206e01fb9e4e8,BB35_V1_9_0_PACKAGED_REFERENCE_ARTIFACT,PACKAGED_REFERENCE_SNAPSHOT_SHA256
REQ-106/01_REQ_106_concept_brief.md,554,0f46b17d3ecef5cc2d725fd42e21a125a4dd2fb061c02dc5e860971c5face25e,BB35_V1_9_0_PACKAGED_REFERENCE_ARTIFACT,PACKAGED_REFERENCE_SNAPSHOT_SHA256
REQ-106/02_REQ_106_capacity_correction.json,178,eed6251bf16c9fe710aa2d5bd54d5281b2891bad09d2a94e237111bc92a02bca,BB35_V1_9_0_PACKAGED_REFERENCE_ARTIFACT,PACKAGED_REFERENCE_SNAPSHOT_SHA256
REQ-106/03_REQ_106_synthetic_measurements.csv,406,2fb0e20ad14e9187df97edbc9f6a1c0704979bd624c5071bca6ee721f3f2f8f3,BB35_V1_9_0_PACKAGED_REFERENCE_ARTIFACT,PACKAGED_REFERENCE_SNAPSHOT_SHA256
REQ-106/04_REQ_106_synthetic_parking_balance.csv,235,9bbf01c832dbfb5d908dda063b2b73f74c14803d83035f5ba3d7da9a518bb9df,BB35_V1_9_0_PACKAGED_REFERENCE_ARTIFACT,PACKAGED_REFERENCE_SNAPSHOT_SHA256
REQ-106/05_REQ_106_sensitivity_analysis.csv,849,5d218321be589ecb9a1579e5e0bc1f65a5812c4f89a17480c4fbc8fb4496673e,BB35_V1_9_0_PACKAGED_REFERENCE_ARTIFACT,PACKAGED_REFERENCE_SNAPSHOT_SHA256
REQ-106/06_REQ_106_evidence_gap.json,266,46d77733de18276f21bbcff8df234aee7a5203a23fb8b12c7842e41e9f42124c,BB35_V1_9_0_PACKAGED_REFERENCE_ARTIFACT,PACKAGED_REFERENCE_SNAPSHOT_SHA256
REQ-107/01_REQ_107_closure_record.json,2058,753184f0408a2189903864784a1183fce55ed9a89a097376240f9028417cea24,BB35_V1_9_0_PACKAGED_REFERENCE_ARTIFACT,PACKAGED_REFERENCE_SNAPSHOT_SHA256
REQ-107/02_REQ_107_project_leader_approval.md,310,1e4010948197f86b13c1fe077d871816754876b0c812f9605f0d51316f3303e2,BB35_V1_9_0_PACKAGED_REFERENCE_ARTIFACT,PACKAGED_REFERENCE_SNAPSHOT_SHA256
REQ-107/03_REQ_107_downstream_handoff.json,1710,621dc867ecc85ea592ac091861454258de04a32f78b07644584f594780cca522,BB35_V1_9_0_PACKAGED_REFERENCE_ARTIFACT,PACKAGED_REFERENCE_SNAPSHOT_SHA256
REQ-108/01_REQ_108_concept_brief.md,541,cb0a1ac99666dc8d399e94bc065863244ffb5eb206d7d8932b19ba1578bf3af5,BB35_V1_9_0_PACKAGED_REFERENCE_ARTIFACT,PACKAGED_REFERENCE_SNAPSHOT_SHA256
REQ-108/02_REQ_108_simulated_phases.csv,194,c5921e1e97ba5c2e40e8ae82e69a2cd61df660a0a6f5f19488d77d941fedc02a,BB35_V1_9_0_PACKAGED_REFERENCE_ARTIFACT,PACKAGED_REFERENCE_SNAPSHOT_SHA256
REQ-108/03_REQ_108_synthetic_equipment.csv,317,1ce6305590e384885f063d1e02d5bb683a29824124607aee6cd02034f142a1b0,BB35_V1_9_0_PACKAGED_REFERENCE_ARTIFACT,PACKAGED_REFERENCE_SNAPSHOT_SHA256
REQ-108/04_REQ_108_synthetic_transport.csv,288,8206ca7cf6e8dd0d86e7e4218d722f5f53981edac18ff9d10a1ee67de9daa9ec,BB35_V1_9_0_PACKAGED_REFERENCE_ARTIFACT,PACKAGED_REFERENCE_SNAPSHOT_SHA256
REQ-108/05_REQ_108_AERIUS_input_matrix.csv,496,79ba7a5ab124573e83d5ee7b7ceb8159f537fe27db16b19a9c2284733030a6be,BB35_V1_9_0_PACKAGED_REFERENCE_ARTIFACT,PACKAGED_REFERENCE_SNAPSHOT_SHA256
REQ-108/06_REQ_108_evidence_gap.json,326,dfe75b85bbcc9099e4026a407726080891f4a0c85fbeb46f497255138104c72a,BB35_V1_9_0_PACKAGED_REFERENCE_ARTIFACT,PACKAGED_REFERENCE_SNAPSHOT_SHA256
checksums.sha256,4431,872ee4937aafa648e0116b6ef5d09209cfa8e0eb59fdf11d34c80bb4abeee209,BB35_V1_9_0_PACKAGED_REFERENCE_ARTIFACT,PACKAGED_REFERENCE_SNAPSHOT_SHA256
