Controlepunt;Resultaat;Status;Opmerking
Projectinvoer aanwezig;Te controleren;CONCEPT;
Digital Twin gevuld;Te controleren;CONCEPT;
Bronregister aanwezig;Te controleren;CONCEPT;
Rapporten gegenereerd;Te controleren;CONCEPT;
Tekeningen gegenereerd;Te controleren;CONCEPT;
ZIP-export aanwezig;Te controleren;CONCEPT;

Engine status;VALIDATION_GEREED
Go/No-Go advies;{'decision': 'NO_GO_EERST_HERSTELLEN', 'advice': 'Projectoutput bevat te veel aandachtspunten. Los eerst ontbrekende data en risico’s op.', 'status': 'GO_NO_GO_ADVIES_GEREED'}
