id,type,subtype,name,level_id,building_id,host_id,zone_id,status
BAY-P-A-001,parking_bay,,,,,,P-A,CONCEPT MODEL - NOT FOR SUBMISSION OR EXECUTION
BAY-P-A-002,parking_bay,,,,,,P-A,CONCEPT MODEL - NOT FOR SUBMISSION OR EXECUTION
BAY-P-A-003,parking_bay,,,,,,P-A,CONCEPT MODEL - NOT FOR SUBMISSION OR EXECUTION
BAY-P-A-004,parking_bay,,,,,,P-A,CONCEPT MODEL - NOT FOR SUBMISSION OR EXECUTION
BAY-P-A-005,parking_bay,,,,,,P-A,CONCEPT MODEL - NOT FOR SUBMISSION OR EXECUTION
BAY-P-A-006,parking_bay,,,,,,P-A,CONCEPT MODEL - NOT FOR SUBMISSION OR EXECUTION
BAY-P-A-007,parking_bay,,,,,,P-A,CONCEPT MODEL - NOT FOR SUBMISSION OR EXECUTION
BAY-P-A-008,parking_bay,,,,,,P-A,CONCEPT MODEL - NOT FOR SUBMISSION OR EXECUTION
BAY-P-A-009,parking_bay,,,,,,P-A,CONCEPT MODEL - NOT FOR SUBMISSION OR EXECUTION
BAY-P-A-010,parking_bay,,,,,,P-A,CONCEPT MODEL - NOT FOR SUBMISSION OR EXECUTION
BAY-P-A-011,parking_bay,,,,,,P-A,CONCEPT MODEL - NOT FOR SUBMISSION OR EXECUTION
BAY-P-A-012,parking_bay,,,,,,P-A,CONCEPT MODEL - NOT FOR SUBMISSION OR EXECUTION
BAY-P-A-013,parking_bay,,,,,,P-A,CONCEPT MODEL - NOT FOR SUBMISSION OR EXECUTION
BAY-P-A-014,parking_bay,,,,,,P-A,CONCEPT MODEL - NOT FOR SUBMISSION OR EXECUTION
BAY-P-A-015,parking_bay,,,,,,P-A,CONCEPT MODEL - NOT FOR SUBMISSION OR EXECUTION
BAY-P-A-016,parking_bay,,,,,,P-A,CONCEPT MODEL - NOT FOR SUBMISSION OR EXECUTION
BAY-P-A-017,parking_bay,,,,,,P-A,CONCEPT MODEL - NOT FOR SUBMISSION OR EXECUTION
BAY-P-A-018,parking_bay,,,,,,P-A,CONCEPT MODEL - NOT FOR SUBMISSION OR EXECUTION
BAY-P-A-019,parking_bay,,,,,,P-A,CONCEPT MODEL - NOT FOR SUBMISSION OR EXECUTION
BAY-P-A-020,parking_bay,,,,,,P-A,CONCEPT MODEL - NOT FOR SUBMISSION OR EXECUTION
BAY-P-A-021,parking_bay,,,,,,P-A,CONCEPT MODEL - NOT FOR SUBMISSION OR EXECUTION
BAY-P-A-022,parking_bay,,,,,,P-A,CONCEPT MODEL - NOT FOR SUBMISSION OR EXECUTION
BAY-P-A-023,parking_bay,,,,,,P-A,CONCEPT MODEL - NOT FOR SUBMISSION OR EXECUTION
BAY-P-A-024,parking_bay,,,,,,P-A,CONCEPT MODEL - NOT FOR SUBMISSION OR EXECUTION
BAY-P-A-025,parking_bay,,,,,,P-A,CONCEPT MODEL - NOT FOR SUBMISSION OR EXECUTION
BAY-P-A-026,parking_bay,,,,,,P-A,CONCEPT MODEL - NOT FOR SUBMISSION OR EXECUTION
BAY-P-A-027,parking_bay,,,,,,P-A,CONCEPT MODEL - NOT FOR SUBMISSION OR EXECUTION
BAY-P-A-028,parking_bay,,,,,,P-A,CONCEPT MODEL - NOT FOR SUBMISSION OR EXECUTION
BAY-P-A-029,parking_bay,,,,,,P-A,CONCEPT MODEL - NOT FOR SUBMISSION OR EXECUTION
BAY-P-A-030,parking_bay,,,,,,P-A,CONCEPT MODEL - NOT FOR SUBMISSION OR EXECUTION
BAY-P-A-031,parking_bay,,,,,,P-A,CONCEPT MODEL - NOT FOR SUBMISSION OR EXECUTION
BAY-P-A-032,parking_bay,,,,,,P-A,CONCEPT MODEL - NOT FOR SUBMISSION OR EXECUTION
BAY-P-A-033,parking_bay,,,,,,P-A,CONCEPT MODEL - NOT FOR SUBMISSION OR EXECUTION
BAY-P-A-034,parking_bay,,,,,,P-A,CONCEPT MODEL - NOT FOR SUBMISSION OR EXECUTION
BAY-P-A-035,parking_bay,,,,,,P-A,CONCEPT MODEL - NOT FOR SUBMISSION OR EXECUTION
BAY-P-A-036,parking_bay,,,,,,P-A,CONCEPT MODEL - NOT FOR SUBMISSION OR EXECUTION
BAY-P-A-037,parking_bay,,,,,,P-A,CONCEPT MODEL - NOT FOR SUBMISSION OR EXECUTION
BAY-P-A-038,parking_bay,,,,,,P-A,CONCEPT MODEL - NOT FOR SUBMISSION OR EXECUTION
BAY-P-A-039,parking_bay,,,,,,P-A,CONCEPT MODEL - NOT FOR SUBMISSION OR EXECUTION
BAY-P-A-040,parking_bay,,,,,,P-A,CONCEPT MODEL - NOT FOR SUBMISSION OR EXECUTION
BAY-P-A-041,parking_bay,,,,,,P-A,CONCEPT MODEL - NOT FOR SUBMISSION OR EXECUTION
BAY-P-A-042,parking_bay,,,,,,P-A,CONCEPT MODEL - NOT FOR SUBMISSION OR EXECUTION
BAY-P-A-043,parking_bay,,,,,,P-A,CONCEPT MODEL - NOT FOR SUBMISSION OR EXECUTION
BAY-P-A-044,parking_bay,,,,,,P-A,CONCEPT MODEL - NOT FOR SUBMISSION OR EXECUTION
BAY-P-A-045,parking_bay,,,,,,P-A,CONCEPT MODEL - NOT FOR SUBMISSION OR EXECUTION
BAY-P-A-046,parking_bay,,,,,,P-A,CONCEPT MODEL - NOT FOR SUBMISSION OR EXECUTION
BAY-P-A-047,parking_bay,,,,,,P-A,CONCEPT MODEL - NOT FOR SUBMISSION OR EXECUTION
BAY-P-A-048,parking_bay,,,,,,P-A,CONCEPT MODEL - NOT FOR SUBMISSION OR EXECUTION
BAY-P-A-049,parking_bay,,,,,,P-A,CONCEPT MODEL - NOT FOR SUBMISSION OR EXECUTION
BAY-P-A-050,parking_bay,,,,,,P-A,CONCEPT MODEL - NOT FOR SUBMISSION OR EXECUTION
BAY-P-A-051,parking_bay,,,,,,P-A,CONCEPT MODEL - NOT FOR SUBMISSION OR EXECUTION
BAY-P-A-052,parking_bay,,,,,,P-A,CONCEPT MODEL - NOT FOR SUBMISSION OR EXECUTION
BAY-P-A-053,parking_bay,,,,,,P-A,CONCEPT MODEL - NOT FOR SUBMISSION OR EXECUTION
BAY-P-A-054,parking_bay,,,,,,P-A,CONCEPT MODEL - NOT FOR SUBMISSION OR EXECUTION
BAY-P-A-055,parking_bay,,,,,,P-A,CONCEPT MODEL - NOT FOR SUBMISSION OR EXECUTION
BAY-P-A-056,parking_bay,,,,,,P-A,CONCEPT MODEL - NOT FOR SUBMISSION OR EXECUTION
BAY-P-A-057,parking_bay,,,,,,P-A,CONCEPT MODEL - NOT FOR SUBMISSION OR EXECUTION
BAY-P-A-058,parking_bay,,,,,,P-A,CONCEPT MODEL - NOT FOR SUBMISSION OR EXECUTION
BAY-P-A-059,parking_bay,,,,,,P-A,CONCEPT MODEL - NOT FOR SUBMISSION OR EXECUTION
BAY-P-A-060,parking_bay,,,,,,P-A,CONCEPT MODEL - NOT FOR SUBMISSION OR EXECUTION
BAY-P-A-061,parking_bay,,,,,,P-A,CONCEPT MODEL - NOT FOR SUBMISSION OR EXECUTION
BAY-P-A-062,parking_bay,,,,,,P-A,CONCEPT MODEL - NOT FOR SUBMISSION OR EXECUTION
BAY-P-A-063,parking_bay,,,,,,P-A,CONCEPT MODEL - NOT FOR SUBMISSION OR EXECUTION
BAY-P-A-064,parking_bay,,,,,,P-A,CONCEPT MODEL - NOT FOR SUBMISSION OR EXECUTION
BAY-P-A-065,parking_bay,,,,,,P-A,CONCEPT MODEL - NOT FOR SUBMISSION OR EXECUTION
BAY-P-A-066,parking_bay,,,,,,P-A,CONCEPT MODEL - NOT FOR SUBMISSION OR EXECUTION
BAY-P-A-067,parking_bay,,,,,,P-A,CONCEPT MODEL - NOT FOR SUBMISSION OR EXECUTION
BAY-P-A-068,parking_bay,,,,,,P-A,CONCEPT MODEL - NOT FOR SUBMISSION OR EXECUTION
BAY-P-A-069,parking_bay,,,,,,P-A,CONCEPT MODEL - NOT FOR SUBMISSION OR EXECUTION
BAY-P-A-070,parking_bay,,,,,,P-A,CONCEPT MODEL - NOT FOR SUBMISSION OR EXECUTION
BAY-P-B-001,parking_bay,,,,,,P-B,CONCEPT MODEL - NOT FOR SUBMISSION OR EXECUTION
BAY-P-B-002,parking_bay,,,,,,P-B,CONCEPT MODEL - NOT FOR SUBMISSION OR EXECUTION
BAY-P-B-003,parking_bay,,,,,,P-B,CONCEPT MODEL - NOT FOR SUBMISSION OR EXECUTION
BAY-P-B-004,parking_bay,,,,,,P-B,CONCEPT MODEL - NOT FOR SUBMISSION OR EXECUTION
BAY-P-B-005,parking_bay,,,,,,P-B,CONCEPT MODEL - NOT FOR SUBMISSION OR EXECUTION
BAY-P-B-006,parking_bay,,,,,,P-B,CONCEPT MODEL - NOT FOR SUBMISSION OR EXECUTION
BAY-P-B-007,parking_bay,,,,,,P-B,CONCEPT MODEL - NOT FOR SUBMISSION OR EXECUTION
BAY-P-B-008,parking_bay,,,,,,P-B,CONCEPT MODEL - NOT FOR SUBMISSION OR EXECUTION
BAY-P-B-009,parking_bay,,,,,,P-B,CONCEPT MODEL - NOT FOR SUBMISSION OR EXECUTION
BAY-P-B-010,parking_bay,,,,,,P-B,CONCEPT MODEL - NOT FOR SUBMISSION OR EXECUTION
BAY-P-B-011,parking_bay,,,,,,P-B,CONCEPT MODEL - NOT FOR SUBMISSION OR EXECUTION
BAY-P-B-012,parking_bay,,,,,,P-B,CONCEPT MODEL - NOT FOR SUBMISSION OR EXECUTION
BAY-P-B-013,parking_bay,,,,,,P-B,CONCEPT MODEL - NOT FOR SUBMISSION OR EXECUTION
BAY-P-B-014,parking_bay,,,,,,P-B,CONCEPT MODEL - NOT FOR SUBMISSION OR EXECUTION
BAY-P-B-015,parking_bay,,,,,,P-B,CONCEPT MODEL - NOT FOR SUBMISSION OR EXECUTION
BAY-P-B-016,parking_bay,,,,,,P-B,CONCEPT MODEL - NOT FOR SUBMISSION OR EXECUTION
BAY-P-B-017,parking_bay,,,,,,P-B,CONCEPT MODEL - NOT FOR SUBMISSION OR EXECUTION
BAY-P-B-018,parking_bay,,,,,,P-B,CONCEPT MODEL - NOT FOR SUBMISSION OR EXECUTION
BAY-P-B-019,parking_bay,,,,,,P-B,CONCEPT MODEL - NOT FOR SUBMISSION OR EXECUTION
BAY-P-B-020,parking_bay,,,,,,P-B,CONCEPT MODEL - NOT FOR SUBMISSION OR EXECUTION
BAY-P-B-021,parking_bay,,,,,,P-B,CONCEPT MODEL - NOT FOR SUBMISSION OR EXECUTION
BAY-P-B-022,parking_bay,,,,,,P-B,CONCEPT MODEL - NOT FOR SUBMISSION OR EXECUTION
BAY-P-B-023,parking_bay,,,,,,P-B,CONCEPT MODEL - NOT FOR SUBMISSION OR EXECUTION
BAY-P-B-024,parking_bay,,,,,,P-B,CONCEPT MODEL - NOT FOR SUBMISSION OR EXECUTION
BAY-P-B-025,parking_bay,,,,,,P-B,CONCEPT MODEL - NOT FOR SUBMISSION OR EXECUTION
BAY-P-B-026,parking_bay,,,,,,P-B,CONCEPT MODEL - NOT FOR SUBMISSION OR EXECUTION
BAY-P-B-027,parking_bay,,,,,,P-B,CONCEPT MODEL - NOT FOR SUBMISSION OR EXECUTION
BAY-P-B-028,parking_bay,,,,,,P-B,CONCEPT MODEL - NOT FOR SUBMISSION OR EXECUTION
BAY-P-B-029,parking_bay,,,,,,P-B,CONCEPT MODEL - NOT FOR SUBMISSION OR EXECUTION
BAY-P-B-030,parking_bay,,,,,,P-B,CONCEPT MODEL - NOT FOR SUBMISSION OR EXECUTION
BAY-P-B-031,parking_bay,,,,,,P-B,CONCEPT MODEL - NOT FOR SUBMISSION OR EXECUTION
BAY-P-B-032,parking_bay,,,,,,P-B,CONCEPT MODEL - NOT FOR SUBMISSION OR EXECUTION
BAY-P-B-033,parking_bay,,,,,,P-B,CONCEPT MODEL - NOT FOR SUBMISSION OR EXECUTION
BAY-P-B-034,parking_bay,,,,,,P-B,CONCEPT MODEL - NOT FOR SUBMISSION OR EXECUTION
BAY-P-B-035,parking_bay,,,,,,P-B,CONCEPT MODEL - NOT FOR SUBMISSION OR EXECUTION
BAY-P-B-036,parking_bay,,,,,,P-B,CONCEPT MODEL - NOT FOR SUBMISSION OR EXECUTION
BAY-P-B-037,parking_bay,,,,,,P-B,CONCEPT MODEL - NOT FOR SUBMISSION OR EXECUTION
BAY-P-B-038,parking_bay,,,,,,P-B,CONCEPT MODEL - NOT FOR SUBMISSION OR EXECUTION
BAY-P-B-039,parking_bay,,,,,,P-B,CONCEPT MODEL - NOT FOR SUBMISSION OR EXECUTION
BAY-P-B-040,parking_bay,,,,,,P-B,CONCEPT MODEL - NOT FOR SUBMISSION OR EXECUTION
BAY-P-B-041,parking_bay,,,,,,P-B,CONCEPT MODEL - NOT FOR SUBMISSION OR EXECUTION
BAY-P-B-042,parking_bay,,,,,,P-B,CONCEPT MODEL - NOT FOR SUBMISSION OR EXECUTION
BAY-P-B-043,parking_bay,,,,,,P-B,CONCEPT MODEL - NOT FOR SUBMISSION OR EXECUTION
BAY-P-B-044,parking_bay,,,,,,P-B,CONCEPT MODEL - NOT FOR SUBMISSION OR EXECUTION
BAY-P-B-045,parking_bay,,,,,,P-B,CONCEPT MODEL - NOT FOR SUBMISSION OR EXECUTION
BAY-P-B-046,parking_bay,,,,,,P-B,CONCEPT MODEL - NOT FOR SUBMISSION OR EXECUTION
BAY-P-B-047,parking_bay,,,,,,P-B,CONCEPT MODEL - NOT FOR SUBMISSION OR EXECUTION
BAY-P-B-048,parking_bay,,,,,,P-B,CONCEPT MODEL - NOT FOR SUBMISSION OR EXECUTION
BAY-P-B-049,parking_bay,,,,,,P-B,CONCEPT MODEL - NOT FOR SUBMISSION OR EXECUTION
BAY-P-B-050,parking_bay,,,,,,P-B,CONCEPT MODEL - NOT FOR SUBMISSION OR EXECUTION
BAY-P-C-001,parking_bay,,,,,,P-C,CONCEPT MODEL - NOT FOR SUBMISSION OR EXECUTION
BAY-P-C-002,parking_bay,,,,,,P-C,CONCEPT MODEL - NOT FOR SUBMISSION OR EXECUTION
BAY-P-C-003,parking_bay,,,,,,P-C,CONCEPT MODEL - NOT FOR SUBMISSION OR EXECUTION
BAY-P-C-004,parking_bay,,,,,,P-C,CONCEPT MODEL - NOT FOR SUBMISSION OR EXECUTION
BAY-P-C-005,parking_bay,,,,,,P-C,CONCEPT MODEL - NOT FOR SUBMISSION OR EXECUTION
BAY-P-C-006,parking_bay,,,,,,P-C,CONCEPT MODEL - NOT FOR SUBMISSION OR EXECUTION
BAY-P-C-007,parking_bay,,,,,,P-C,CONCEPT MODEL - NOT FOR SUBMISSION OR EXECUTION
BAY-P-C-008,parking_bay,,,,,,P-C,CONCEPT MODEL - NOT FOR SUBMISSION OR EXECUTION
BAY-P-C-009,parking_bay,,,,,,P-C,CONCEPT MODEL - NOT FOR SUBMISSION OR EXECUTION
BAY-P-C-010,parking_bay,,,,,,P-C,CONCEPT MODEL - NOT FOR SUBMISSION OR EXECUTION
BAY-P-C-011,parking_bay,,,,,,P-C,CONCEPT MODEL - NOT FOR SUBMISSION OR EXECUTION
BAY-P-C-012,parking_bay,,,,,,P-C,CONCEPT MODEL - NOT FOR SUBMISSION OR EXECUTION
BAY-P-C-013,parking_bay,,,,,,P-C,CONCEPT MODEL - NOT FOR SUBMISSION OR EXECUTION
BAY-P-C-014,parking_bay,,,,,,P-C,CONCEPT MODEL - NOT FOR SUBMISSION OR EXECUTION
BAY-P-C-015,parking_bay,,,,,,P-C,CONCEPT MODEL - NOT FOR SUBMISSION OR EXECUTION
BAY-P-C-016,parking_bay,,,,,,P-C,CONCEPT MODEL - NOT FOR SUBMISSION OR EXECUTION
BAY-P-C-017,parking_bay,,,,,,P-C,CONCEPT MODEL - NOT FOR SUBMISSION OR EXECUTION
BAY-P-C-018,parking_bay,,,,,,P-C,CONCEPT MODEL - NOT FOR SUBMISSION OR EXECUTION
BAY-P-C-019,parking_bay,,,,,,P-C,CONCEPT MODEL - NOT FOR SUBMISSION OR EXECUTION
BAY-P-C-020,parking_bay,,,,,,P-C,CONCEPT MODEL - NOT FOR SUBMISSION OR EXECUTION
BAY-P-C-021,parking_bay,,,,,,P-C,CONCEPT MODEL - NOT FOR SUBMISSION OR EXECUTION
BAY-P-C-022,parking_bay,,,,,,P-C,CONCEPT MODEL - NOT FOR SUBMISSION OR EXECUTION
BAY-P-C-023,parking_bay,,,,,,P-C,CONCEPT MODEL - NOT FOR SUBMISSION OR EXECUTION
BAY-P-C-024,parking_bay,,,,,,P-C,CONCEPT MODEL - NOT FOR SUBMISSION OR EXECUTION
BAY-P-C-025,parking_bay,,,,,,P-C,CONCEPT MODEL - NOT FOR SUBMISSION OR EXECUTION
BAY-P-C-026,parking_bay,,,,,,P-C,CONCEPT MODEL - NOT FOR SUBMISSION OR EXECUTION
BAY-P-C-027,parking_bay,,,,,,P-C,CONCEPT MODEL - NOT FOR SUBMISSION OR EXECUTION
BAY-P-C-028,parking_bay,,,,,,P-C,CONCEPT MODEL - NOT FOR SUBMISSION OR EXECUTION
BAY-P-C-029,parking_bay,,,,,,P-C,CONCEPT MODEL - NOT FOR SUBMISSION OR EXECUTION
BAY-P-C-030,parking_bay,,,,,,P-C,CONCEPT MODEL - NOT FOR SUBMISSION OR EXECUTION
BAY-P-C-031,parking_bay,,,,,,P-C,CONCEPT MODEL - NOT FOR SUBMISSION OR EXECUTION
BAY-P-C-032,parking_bay,,,,,,P-C,CONCEPT MODEL - NOT FOR SUBMISSION OR EXECUTION
BAY-P-C-033,parking_bay,,,,,,P-C,CONCEPT MODEL - NOT FOR SUBMISSION OR EXECUTION
BAY-P-C-034,parking_bay,,,,,,P-C,CONCEPT MODEL - NOT FOR SUBMISSION OR EXECUTION
BAY-P-C-035,parking_bay,,,,,,P-C,CONCEPT MODEL - NOT FOR SUBMISSION OR EXECUTION
BAY-P-C-036,parking_bay,,,,,,P-C,CONCEPT MODEL - NOT FOR SUBMISSION OR EXECUTION
BAY-P-C-037,parking_bay,,,,,,P-C,CONCEPT MODEL - NOT FOR SUBMISSION OR EXECUTION
BAY-P-C-038,parking_bay,,,,,,P-C,CONCEPT MODEL - NOT FOR SUBMISSION OR EXECUTION
BAY-P-C-039,parking_bay,,,,,,P-C,CONCEPT MODEL - NOT FOR SUBMISSION OR EXECUTION
BAY-P-C-040,parking_bay,,,,,,P-C,CONCEPT MODEL - NOT FOR SUBMISSION OR EXECUTION
BAY-P-D-001,parking_bay,,,,,,P-D,CONCEPT MODEL - NOT FOR SUBMISSION OR EXECUTION
BAY-P-D-002,parking_bay,,,,,,P-D,CONCEPT MODEL - NOT FOR SUBMISSION OR EXECUTION
BAY-P-D-003,parking_bay,,,,,,P-D,CONCEPT MODEL - NOT FOR SUBMISSION OR EXECUTION
BAY-P-D-004,parking_bay,,,,,,P-D,CONCEPT MODEL - NOT FOR SUBMISSION OR EXECUTION
BAY-P-D-005,parking_bay,,,,,,P-D,CONCEPT MODEL - NOT FOR SUBMISSION OR EXECUTION
BAY-P-D-006,parking_bay,,,,,,P-D,CONCEPT MODEL - NOT FOR SUBMISSION OR EXECUTION
BAY-P-D-007,parking_bay,,,,,,P-D,CONCEPT MODEL - NOT FOR SUBMISSION OR EXECUTION
BAY-P-D-008,parking_bay,,,,,,P-D,CONCEPT MODEL - NOT FOR SUBMISSION OR EXECUTION
BAY-P-D-009,parking_bay,,,,,,P-D,CONCEPT MODEL - NOT FOR SUBMISSION OR EXECUTION
BAY-P-D-010,parking_bay,,,,,,P-D,CONCEPT MODEL - NOT FOR SUBMISSION OR EXECUTION
BAY-P-D-011,parking_bay,,,,,,P-D,CONCEPT MODEL - NOT FOR SUBMISSION OR EXECUTION
BAY-P-D-012,parking_bay,,,,,,P-D,CONCEPT MODEL - NOT FOR SUBMISSION OR EXECUTION
BAY-P-D-013,parking_bay,,,,,,P-D,CONCEPT MODEL - NOT FOR SUBMISSION OR EXECUTION
BAY-P-D-014,parking_bay,,,,,,P-D,CONCEPT MODEL - NOT FOR SUBMISSION OR EXECUTION
BAY-P-D-015,parking_bay,,,,,,P-D,CONCEPT MODEL - NOT FOR SUBMISSION OR EXECUTION
BAY-P-D-016,parking_bay,,,,,,P-D,CONCEPT MODEL - NOT FOR SUBMISSION OR EXECUTION
BAY-P-D-017,parking_bay,,,,,,P-D,CONCEPT MODEL - NOT FOR SUBMISSION OR EXECUTION
BAY-P-D-018,parking_bay,,,,,,P-D,CONCEPT MODEL - NOT FOR SUBMISSION OR EXECUTION
BAY-P-D-019,parking_bay,,,,,,P-D,CONCEPT MODEL - NOT FOR SUBMISSION OR EXECUTION
BAY-P-D-020,parking_bay,,,,,,P-D,CONCEPT MODEL - NOT FOR SUBMISSION OR EXECUTION
BAY-P-D-021,parking_bay,,,,,,P-D,CONCEPT MODEL - NOT FOR SUBMISSION OR EXECUTION
BAY-P-D-022,parking_bay,,,,,,P-D,CONCEPT MODEL - NOT FOR SUBMISSION OR EXECUTION
BAY-P-D-023,parking_bay,,,,,,P-D,CONCEPT MODEL - NOT FOR SUBMISSION OR EXECUTION
BAY-P-D-024,parking_bay,,,,,,P-D,CONCEPT MODEL - NOT FOR SUBMISSION OR EXECUTION
BAY-P-D-025,parking_bay,,,,,,P-D,CONCEPT MODEL - NOT FOR SUBMISSION OR EXECUTION
BAY-P-D-026,parking_bay,,,,,,P-D,CONCEPT MODEL - NOT FOR SUBMISSION OR EXECUTION
BAY-P-D-027,parking_bay,,,,,,P-D,CONCEPT MODEL - NOT FOR SUBMISSION OR EXECUTION
BAY-P-D-028,parking_bay,,,,,,P-D,CONCEPT MODEL - NOT FOR SUBMISSION OR EXECUTION
BAY-P-D-029,parking_bay,,,,,,P-D,CONCEPT MODEL - NOT FOR SUBMISSION OR EXECUTION
BAY-P-D-030,parking_bay,,,,,,P-D,CONCEPT MODEL - NOT FOR SUBMISSION OR EXECUTION
BAY-P-D-031,parking_bay,,,,,,P-D,CONCEPT MODEL - NOT FOR SUBMISSION OR EXECUTION
BAY-P-D-032,parking_bay,,,,,,P-D,CONCEPT MODEL - NOT FOR SUBMISSION OR EXECUTION
BAY-P-D-033,parking_bay,,,,,,P-D,CONCEPT MODEL - NOT FOR SUBMISSION OR EXECUTION
BAY-P-D-034,parking_bay,,,,,,P-D,CONCEPT MODEL - NOT FOR SUBMISSION OR EXECUTION
BAY-P-D-035,parking_bay,,,,,,P-D,CONCEPT MODEL - NOT FOR SUBMISSION OR EXECUTION
BAY-P-E-001,parking_bay,,,,,,P-E,CONCEPT MODEL - NOT FOR SUBMISSION OR EXECUTION
BAY-P-E-002,parking_bay,,,,,,P-E,CONCEPT MODEL - NOT FOR SUBMISSION OR EXECUTION
BAY-P-E-003,parking_bay,,,,,,P-E,CONCEPT MODEL - NOT FOR SUBMISSION OR EXECUTION
BAY-P-E-004,parking_bay,,,,,,P-E,CONCEPT MODEL - NOT FOR SUBMISSION OR EXECUTION
BAY-P-E-005,parking_bay,,,,,,P-E,CONCEPT MODEL - NOT FOR SUBMISSION OR EXECUTION
BAY-P-E-006,parking_bay,,,,,,P-E,CONCEPT MODEL - NOT FOR SUBMISSION OR EXECUTION
BAY-P-E-007,parking_bay,,,,,,P-E,CONCEPT MODEL - NOT FOR SUBMISSION OR EXECUTION
BAY-P-E-008,parking_bay,,,,,,P-E,CONCEPT MODEL - NOT FOR SUBMISSION OR EXECUTION
BAY-P-E-009,parking_bay,,,,,,P-E,CONCEPT MODEL - NOT FOR SUBMISSION OR EXECUTION
BAY-P-E-010,parking_bay,,,,,,P-E,CONCEPT MODEL - NOT FOR SUBMISSION OR EXECUTION
BAY-P-E-011,parking_bay,,,,,,P-E,CONCEPT MODEL - NOT FOR SUBMISSION OR EXECUTION
BAY-P-E-012,parking_bay,,,,,,P-E,CONCEPT MODEL - NOT FOR SUBMISSION OR EXECUTION
BAY-P-E-013,parking_bay,,,,,,P-E,CONCEPT MODEL - NOT FOR SUBMISSION OR EXECUTION
BAY-P-E-014,parking_bay,,,,,,P-E,CONCEPT MODEL - NOT FOR SUBMISSION OR EXECUTION
BAY-P-E-015,parking_bay,,,,,,P-E,CONCEPT MODEL - NOT FOR SUBMISSION OR EXECUTION
BAY-P-E-016,parking_bay,,,,,,P-E,CONCEPT MODEL - NOT FOR SUBMISSION OR EXECUTION
BAY-P-E-017,parking_bay,,,,,,P-E,CONCEPT MODEL - NOT FOR SUBMISSION OR EXECUTION
BAY-P-E-018,parking_bay,,,,,,P-E,CONCEPT MODEL - NOT FOR SUBMISSION OR EXECUTION
BAY-P-E-019,parking_bay,,,,,,P-E,CONCEPT MODEL - NOT FOR SUBMISSION OR EXECUTION
BAY-P-E-020,parking_bay,,,,,,P-E,CONCEPT MODEL - NOT FOR SUBMISSION OR EXECUTION
BAY-P-E-021,parking_bay,,,,,,P-E,CONCEPT MODEL - NOT FOR SUBMISSION OR EXECUTION
BAY-P-E-022,parking_bay,,,,,,P-E,CONCEPT MODEL - NOT FOR SUBMISSION OR EXECUTION
BAY-P-E-023,parking_bay,,,,,,P-E,CONCEPT MODEL - NOT FOR SUBMISSION OR EXECUTION
BAY-P-E-024,parking_bay,,,,,,P-E,CONCEPT MODEL - NOT FOR SUBMISSION OR EXECUTION
BAY-P-E-025,parking_bay,,,,,,P-E,CONCEPT MODEL - NOT FOR SUBMISSION OR EXECUTION
BAY-P-E-026,parking_bay,,,,,,P-E,CONCEPT MODEL - NOT FOR SUBMISSION OR EXECUTION
BAY-P-E-027,parking_bay,,,,,,P-E,CONCEPT MODEL - NOT FOR SUBMISSION OR EXECUTION
BAY-P-E-028,parking_bay,,,,,,P-E,CONCEPT MODEL - NOT FOR SUBMISSION OR EXECUTION
BAY-P-E-029,parking_bay,,,,,,P-E,CONCEPT MODEL - NOT FOR SUBMISSION OR EXECUTION
BAY-P-E-030,parking_bay,,,,,,P-E,CONCEPT MODEL - NOT FOR SUBMISSION OR EXECUTION
BLD-EXISTING,building,existing_building,Bestaande moskee,,,,,CONCEPT MODEL - NOT FOR SUBMISSION OR EXECUTION
BLD-EXTENSION,building,extension,Conceptuitbreiding,,,,,CONCEPT MODEL - NOT FOR SUBMISSION OR EXECUTION
CONN-001,connection,existing_to_extension,Zuidelijke aansluiting bestaand-nieuw,L00,,,,CONCEPT MODEL - NOT FOR SUBMISSION OR EXECUTION
CONN-002,connection,existing_to_extension,Noordelijke aansluiting bestaand-nieuw,L00,,,,CONCEPT MODEL - NOT FOR SUBMISSION OR EXECUTION
CONN-003,connection,existing_to_extension,Verdiepingsvloeraansluiting,L01,,,,CONCEPT MODEL - NOT FOR SUBMISSION OR EXECUTION
CONN-004,connection,existing_to_extension,Dakaansluiting,LRF,,,,CONCEPT MODEL - NOT FOR SUBMISSION OR EXECUTION
DOOR-001,opening,door,,L00,,WALL-EX-L00-S,,CONCEPT MODEL - NOT FOR SUBMISSION OR EXECUTION
DOOR-002,opening,door,,L00,,WALL-NEW-L00-E,,CONCEPT MODEL - NOT FOR SUBMISSION OR EXECUTION
DOOR-003,opening,door,,L00,,WALL-EX-L00-I1,,CONCEPT MODEL - NOT FOR SUBMISSION OR EXECUTION
DOOR-004,opening,door,,L00,,WALL-NEW-L00-I1,,CONCEPT MODEL - NOT FOR SUBMISSION OR EXECUTION
DOOR-005,opening,door,,L01,,WALL-EX-L01-I1,,CONCEPT MODEL - NOT FOR SUBMISSION OR EXECUTION
DOOR-006,opening,door,,L01,,WALL-NEW-L01-I1,,CONCEPT MODEL - NOT FOR SUBMISSION OR EXECUTION
P-A,parking_zone,,Directe parkeerzone noord,,,,,CONCEPT MODEL - NOT FOR SUBMISSION OR EXECUTION
P-B,parking_zone,,Sportcluster west,,,,,CONCEPT MODEL - NOT FOR SUBMISSION OR EXECUTION
P-C,parking_zone,,Openbare stroken zuid,,,,,CONCEPT MODEL - NOT FOR SUBMISSION OR EXECUTION
P-D,parking_zone,,Voorzieningencluster oost,,,,,CONCEPT MODEL - NOT FOR SUBMISSION OR EXECUTION
P-E,parking_zone,,Overige directe omgeving,,,,,CONCEPT MODEL - NOT FOR SUBMISSION OR EXECUTION
PARCEL-001,parcel,,Conceptperceel,,,,,CONCEPT MODEL - NOT FOR SUBMISSION OR EXECUTION
ROOF-BLD-EXISTING,slab,roof,,LRF,BLD-EXISTING,,,CONCEPT MODEL - NOT FOR SUBMISSION OR EXECUTION
ROOF-BLD-EXTENSION,slab,roof,,LRF,BLD-EXTENSION,,,CONCEPT MODEL - NOT FOR SUBMISSION OR EXECUTION
SITE-001,site,,Projectomgeving,,,,,CONCEPT MODEL - NOT FOR SUBMISSION OR EXECUTION
SLAB-BLD-EXISTING-L00,slab,floor,,L00,BLD-EXISTING,,,CONCEPT MODEL - NOT FOR SUBMISSION OR EXECUTION
SLAB-BLD-EXISTING-L01,slab,floor,,L01,BLD-EXISTING,,,CONCEPT MODEL - NOT FOR SUBMISSION OR EXECUTION
SLAB-BLD-EXTENSION-L00,slab,floor,,L00,BLD-EXTENSION,,,CONCEPT MODEL - NOT FOR SUBMISSION OR EXECUTION
SLAB-BLD-EXTENSION-L01,slab,floor,,L01,BLD-EXTENSION,,,CONCEPT MODEL - NOT FOR SUBMISSION OR EXECUTION
SP-L00-01,space,,Entree en verkeersruimte,L00,BLD-EXISTING,,,CONCEPT MODEL - NOT FOR SUBMISSION OR EXECUTION
SP-L00-02,space,,Gebedsruimte heren,L00,BLD-EXISTING,,,CONCEPT MODEL - NOT FOR SUBMISSION OR EXECUTION
SP-L00-03,space,,Ontmoeting en conferentie,L00,BLD-EXISTING,,,CONCEPT MODEL - NOT FOR SUBMISSION OR EXECUTION
SP-L00-04,space,,Wasruimte en toiletten,L00,BLD-EXISTING,,,CONCEPT MODEL - NOT FOR SUBMISSION OR EXECUTION
SP-L00-05,space,,Uitbreiding multifunctioneel west,L00,BLD-EXTENSION,,,CONCEPT MODEL - NOT FOR SUBMISSION OR EXECUTION
SP-L00-06,space,,Uitbreiding multifunctioneel oost,L00,BLD-EXTENSION,,,CONCEPT MODEL - NOT FOR SUBMISSION OR EXECUTION
SP-L01-01,space,,Gebedsruimte dames,L01,BLD-EXISTING,,,CONCEPT MODEL - NOT FOR SUBMISSION OR EXECUTION
SP-L01-02,space,,Kantine en ontmoeting,L01,BLD-EXISTING,,,CONCEPT MODEL - NOT FOR SUBMISSION OR EXECUTION
SP-L01-03,space,,Leslokaal 1,L01,BLD-EXISTING,,,CONCEPT MODEL - NOT FOR SUBMISSION OR EXECUTION
SP-L01-04,space,,Leslokaal 2 en sanitair,L01,BLD-EXISTING,,,CONCEPT MODEL - NOT FOR SUBMISSION OR EXECUTION
SP-L01-05,space,,Uitbreiding les en gebed west,L01,BLD-EXTENSION,,,CONCEPT MODEL - NOT FOR SUBMISSION OR EXECUTION
SP-L01-06,space,,Uitbreiding les en gebed oost,L01,BLD-EXTENSION,,,CONCEPT MODEL - NOT FOR SUBMISSION OR EXECUTION
STAIR-001,stair,,Hoofdtrap,L00,,,,CONCEPT MODEL - NOT FOR SUBMISSION OR EXECUTION
WALL-EX-L00-E-N,wall,external,,L00,BLD-EXISTING,,,CONCEPT MODEL - NOT FOR SUBMISSION OR EXECUTION
WALL-EX-L00-E-S,wall,external,,L00,BLD-EXISTING,,,CONCEPT MODEL - NOT FOR SUBMISSION OR EXECUTION
WALL-EX-L00-I1,wall,internal,,L00,BLD-EXISTING,,,CONCEPT MODEL - NOT FOR SUBMISSION OR EXECUTION
WALL-EX-L00-I2,wall,internal,,L00,BLD-EXISTING,,,CONCEPT MODEL - NOT FOR SUBMISSION OR EXECUTION
WALL-EX-L00-I3,wall,internal,,L00,BLD-EXISTING,,,CONCEPT MODEL - NOT FOR SUBMISSION OR EXECUTION
WALL-EX-L00-N,wall,external,,L00,BLD-EXISTING,,,CONCEPT MODEL - NOT FOR SUBMISSION OR EXECUTION
WALL-EX-L00-S,wall,external,,L00,BLD-EXISTING,,,CONCEPT MODEL - NOT FOR SUBMISSION OR EXECUTION
WALL-EX-L00-W,wall,external,,L00,BLD-EXISTING,,,CONCEPT MODEL - NOT FOR SUBMISSION OR EXECUTION
WALL-EX-L01-E-N,wall,external,,L01,BLD-EXISTING,,,CONCEPT MODEL - NOT FOR SUBMISSION OR EXECUTION
WALL-EX-L01-E-S,wall,external,,L01,BLD-EXISTING,,,CONCEPT MODEL - NOT FOR SUBMISSION OR EXECUTION
WALL-EX-L01-I1,wall,internal,,L01,BLD-EXISTING,,,CONCEPT MODEL - NOT FOR SUBMISSION OR EXECUTION
WALL-EX-L01-I2,wall,internal,,L01,BLD-EXISTING,,,CONCEPT MODEL - NOT FOR SUBMISSION OR EXECUTION
WALL-EX-L01-I3,wall,internal,,L01,BLD-EXISTING,,,CONCEPT MODEL - NOT FOR SUBMISSION OR EXECUTION
WALL-EX-L01-N,wall,external,,L01,BLD-EXISTING,,,CONCEPT MODEL - NOT FOR SUBMISSION OR EXECUTION
WALL-EX-L01-S,wall,external,,L01,BLD-EXISTING,,,CONCEPT MODEL - NOT FOR SUBMISSION OR EXECUTION
WALL-EX-L01-W,wall,external,,L01,BLD-EXISTING,,,CONCEPT MODEL - NOT FOR SUBMISSION OR EXECUTION
WALL-NEW-L00-E,wall,external,,L00,BLD-EXTENSION,,,CONCEPT MODEL - NOT FOR SUBMISSION OR EXECUTION
WALL-NEW-L00-I1,wall,internal,,L00,BLD-EXTENSION,,,CONCEPT MODEL - NOT FOR SUBMISSION OR EXECUTION
WALL-NEW-L00-I2,wall,internal,,L00,BLD-EXTENSION,,,CONCEPT MODEL - NOT FOR SUBMISSION OR EXECUTION
WALL-NEW-L00-N,wall,external,,L00,BLD-EXTENSION,,,CONCEPT MODEL - NOT FOR SUBMISSION OR EXECUTION
WALL-NEW-L00-S,wall,external,,L00,BLD-EXTENSION,,,CONCEPT MODEL - NOT FOR SUBMISSION OR EXECUTION
WALL-NEW-L01-E,wall,external,,L01,BLD-EXTENSION,,,CONCEPT MODEL - NOT FOR SUBMISSION OR EXECUTION
WALL-NEW-L01-I1,wall,internal,,L01,BLD-EXTENSION,,,CONCEPT MODEL - NOT FOR SUBMISSION OR EXECUTION
WALL-NEW-L01-I2,wall,internal,,L01,BLD-EXTENSION,,,CONCEPT MODEL - NOT FOR SUBMISSION OR EXECUTION
WALL-NEW-L01-N,wall,external,,L01,BLD-EXTENSION,,,CONCEPT MODEL - NOT FOR SUBMISSION OR EXECUTION
WALL-NEW-L01-S,wall,external,,L01,BLD-EXTENSION,,,CONCEPT MODEL - NOT FOR SUBMISSION OR EXECUTION
WINDOW-001,opening,window,,L00,,WALL-EX-L00-N,,CONCEPT MODEL - NOT FOR SUBMISSION OR EXECUTION
WINDOW-002,opening,window,,L00,,WALL-EX-L00-N,,CONCEPT MODEL - NOT FOR SUBMISSION OR EXECUTION
WINDOW-003,opening,window,,L00,,WALL-EX-L00-W,,CONCEPT MODEL - NOT FOR SUBMISSION OR EXECUTION
WINDOW-004,opening,window,,L00,,WALL-NEW-L00-N,,CONCEPT MODEL - NOT FOR SUBMISSION OR EXECUTION
WINDOW-005,opening,window,,L00,,WALL-NEW-L00-E,,CONCEPT MODEL - NOT FOR SUBMISSION OR EXECUTION
WINDOW-006,opening,window,,L01,,WALL-EX-L01-N,,CONCEPT MODEL - NOT FOR SUBMISSION OR EXECUTION
WINDOW-007,opening,window,,L01,,WALL-EX-L01-N,,CONCEPT MODEL - NOT FOR SUBMISSION OR EXECUTION
WINDOW-008,opening,window,,L01,,WALL-EX-L01-W,,CONCEPT MODEL - NOT FOR SUBMISSION OR EXECUTION
WINDOW-009,opening,window,,L01,,WALL-NEW-L01-N,,CONCEPT MODEL - NOT FOR SUBMISSION OR EXECUTION
WINDOW-010,opening,window,,L01,,WALL-NEW-L01-E,,CONCEPT MODEL - NOT FOR SUBMISSION OR EXECUTION
