combination_id,x_m,shear_kn,moment_knm
ULS_STR,0.0,80.15625,0.0
ULS_STR,0.05,79.003125,3.978984
ULS_STR,0.1,77.85,7.900313
ULS_STR,0.15,76.696875,11.763984
ULS_STR,0.2,75.54375,15.57
ULS_STR,0.25,74.390625,19.318359
ULS_STR,0.3,73.2375,23.009062
ULS_STR,0.35,72.084375,26.642109
ULS_STR,0.4,70.93125,30.2175
ULS_STR,0.45,69.778125,33.735234
ULS_STR,0.5,68.625,37.195312
ULS_STR,0.55,67.471875,40.597734
ULS_STR,0.6,66.31875,43.9425
ULS_STR,0.65,65.165625,47.229609
ULS_STR,0.7,64.0125,50.459062
ULS_STR,0.75,62.859375,53.630859
ULS_STR,0.8,61.70625,56.745
ULS_STR,0.85,60.553125,59.801484
ULS_STR,0.9,59.4,62.800312
ULS_STR,0.95,58.246875,65.741484
ULS_STR,1.0,57.09375,68.625
ULS_STR,1.05,55.940625,71.450859
ULS_STR,1.1,54.7875,74.219063
ULS_STR,1.15,53.634375,76.929609
ULS_STR,1.2,52.48125,79.5825
ULS_STR,1.25,51.328125,82.177734
ULS_STR,1.3,50.175,84.715312
ULS_STR,1.35,49.021875,87.195234
ULS_STR,1.4,47.86875,89.6175
ULS_STR,1.45,46.715625,91.982109
ULS_STR,1.5,45.5625,94.289062
ULS_STR,1.55,44.409375,96.538359
ULS_STR,1.6,43.25625,98.73
ULS_STR,1.65,42.103125,100.863984
ULS_STR,1.7,40.95,102.940313
ULS_STR,1.75,39.796875,104.958984
ULS_STR,1.8,38.64375,106.92
ULS_STR,1.85,37.490625,108.823359
ULS_STR,1.9,36.3375,110.669062
ULS_STR,1.95,35.184375,112.457109
ULS_STR,1.999999,34.031273,114.187466
ULS_STR,2.0,-3.46875,114.1875
ULS_STR,2.000001,-3.468773,114.187497
ULS_STR,2.05,-4.621875,113.985234
ULS_STR,2.1,-5.775,113.725313
ULS_STR,2.15,-6.928125,113.407734
ULS_STR,2.2,-8.08125,113.0325
ULS_STR,2.25,-9.234375,112.599609
ULS_STR,2.3,-10.3875,112.109062
ULS_STR,2.35,-11.540625,111.560859
ULS_STR,2.4,-12.69375,110.955
ULS_STR,2.45,-13.846875,110.291484
ULS_STR,2.5,-15.0,109.570312
ULS_STR,2.55,-16.153125,108.791484
ULS_STR,2.6,-17.30625,107.955
ULS_STR,2.65,-18.459375,107.060859
ULS_STR,2.7,-19.6125,106.109063
ULS_STR,2.75,-20.765625,105.099609
ULS_STR,2.8,-21.91875,104.0325
ULS_STR,2.85,-23.071875,102.907734
ULS_STR,2.9,-24.225,101.725313
ULS_STR,2.95,-25.378125,100.485234
ULS_STR,3.0,-26.53125,99.1875
ULS_STR,3.05,-27.684375,97.832109
ULS_STR,3.1,-28.8375,96.419062
ULS_STR,3.15,-29.990625,94.948359
ULS_STR,3.2,-31.14375,93.42
ULS_STR,3.25,-32.296875,91.833984
ULS_STR,3.3,-33.45,90.190313
ULS_STR,3.35,-34.603125,88.488984
ULS_STR,3.4,-35.75625,86.73
ULS_STR,3.45,-36.909375,84.913359
ULS_STR,3.5,-38.0625,83.039062
ULS_STR,3.55,-39.215625,81.107109
ULS_STR,3.6,-40.36875,79.1175
ULS_STR,3.65,-41.521875,77.070234
ULS_STR,3.7,-42.675,74.965312
ULS_STR,3.75,-43.828125,72.802734
ULS_STR,3.8,-44.98125,70.5825
ULS_STR,3.85,-46.134375,68.304609
ULS_STR,3.9,-47.2875,65.969063
ULS_STR,3.95,-48.440625,63.575859
ULS_STR,4.0,-49.59375,61.125
ULS_STR,4.05,-50.746875,58.616484
ULS_STR,4.1,-51.9,56.050312
ULS_STR,4.15,-53.053125,53.426484
ULS_STR,4.2,-54.20625,50.745
ULS_STR,4.25,-55.359375,48.005859
ULS_STR,4.3,-56.5125,45.209063
ULS_STR,4.35,-57.665625,42.354609
ULS_STR,4.4,-58.81875,39.4425
ULS_STR,4.45,-59.971875,36.472734
ULS_STR,4.5,-61.125,33.445312
ULS_STR,4.55,-62.278125,30.360234
ULS_STR,4.6,-63.43125,27.2175
ULS_STR,4.65,-64.584375,24.017109
ULS_STR,4.7,-65.7375,20.759062
ULS_STR,4.75,-66.890625,17.443359
ULS_STR,4.8,-68.04375,14.07
ULS_STR,4.85,-69.196875,10.638984
ULS_STR,4.9,-70.35,7.150312
ULS_STR,4.95,-71.503125,3.603984
ULS_STR,5.0,-72.65625,0.0
SLS_CHARACTERISTIC,0.0,54.375,0.0
SLS_CHARACTERISTIC,0.05,53.5875,2.699063
SLS_CHARACTERISTIC,0.1,52.8,5.35875
SLS_CHARACTERISTIC,0.15,52.0125,7.979063
SLS_CHARACTERISTIC,0.2,51.225,10.56
SLS_CHARACTERISTIC,0.25,50.4375,13.101562
SLS_CHARACTERISTIC,0.3,49.65,15.60375
SLS_CHARACTERISTIC,0.35,48.8625,18.066562
SLS_CHARACTERISTIC,0.4,48.075,20.49
SLS_CHARACTERISTIC,0.45,47.2875,22.874063
SLS_CHARACTERISTIC,0.5,46.5,25.21875
SLS_CHARACTERISTIC,0.55,45.7125,27.524063
SLS_CHARACTERISTIC,0.6,44.925,29.79
SLS_CHARACTERISTIC,0.65,44.1375,32.016562
SLS_CHARACTERISTIC,0.7,43.35,34.20375
SLS_CHARACTERISTIC,0.75,42.5625,36.351562
SLS_CHARACTERISTIC,0.8,41.775,38.46
SLS_CHARACTERISTIC,0.85,40.9875,40.529063
SLS_CHARACTERISTIC,0.9,40.2,42.55875
SLS_CHARACTERISTIC,0.95,39.4125,44.549062
SLS_CHARACTERISTIC,1.0,38.625,46.5
SLS_CHARACTERISTIC,1.05,37.8375,48.411563
SLS_CHARACTERISTIC,1.1,37.05,50.28375
SLS_CHARACTERISTIC,1.15,36.2625,52.116562
SLS_CHARACTERISTIC,1.2,35.475,53.91
SLS_CHARACTERISTIC,1.25,34.6875,55.664062
SLS_CHARACTERISTIC,1.3,33.9,57.37875
SLS_CHARACTERISTIC,1.35,33.1125,59.054063
SLS_CHARACTERISTIC,1.4,32.325,60.69
SLS_CHARACTERISTIC,1.45,31.5375,62.286563
SLS_CHARACTERISTIC,1.5,30.75,63.84375
SLS_CHARACTERISTIC,1.55,29.9625,65.361562
SLS_CHARACTERISTIC,1.6,29.175,66.84
SLS_CHARACTERISTIC,1.65,28.3875,68.279063
SLS_CHARACTERISTIC,1.7,27.6,69.67875
SLS_CHARACTERISTIC,1.75,26.8125,71.039062
SLS_CHARACTERISTIC,1.8,26.025,72.36
SLS_CHARACTERISTIC,1.85,25.2375,73.641562
SLS_CHARACTERISTIC,1.9,24.45,74.88375
SLS_CHARACTERISTIC,1.95,23.6625,76.086562
SLS_CHARACTERISTIC,1.999999,22.875016,77.249977
SLS_CHARACTERISTIC,2.0,-2.125,77.25
SLS_CHARACTERISTIC,2.000001,-2.125016,77.249998
SLS_CHARACTERISTIC,2.05,-2.9125,77.124062
SLS_CHARACTERISTIC,2.1,-3.7,76.95875
SLS_CHARACTERISTIC,2.15,-4.4875,76.754063
SLS_CHARACTERISTIC,2.2,-5.275,76.51
SLS_CHARACTERISTIC,2.25,-6.0625,76.226562
SLS_CHARACTERISTIC,2.3,-6.85,75.90375
SLS_CHARACTERISTIC,2.35,-7.6375,75.541562
SLS_CHARACTERISTIC,2.4,-8.425,75.14
SLS_CHARACTERISTIC,2.45,-9.2125,74.699062
SLS_CHARACTERISTIC,2.5,-10.0,74.21875
SLS_CHARACTERISTIC,2.55,-10.7875,73.699062
SLS_CHARACTERISTIC,2.6,-11.575,73.14
SLS_CHARACTERISTIC,2.65,-12.3625,72.541562
SLS_CHARACTERISTIC,2.7,-13.15,71.90375
SLS_CHARACTERISTIC,2.75,-13.9375,71.226562
SLS_CHARACTERISTIC,2.8,-14.725,70.51
SLS_CHARACTERISTIC,2.85,-15.5125,69.754063
SLS_CHARACTERISTIC,2.9,-16.3,68.95875
SLS_CHARACTERISTIC,2.95,-17.0875,68.124062
SLS_CHARACTERISTIC,3.0,-17.875,67.25
SLS_CHARACTERISTIC,3.05,-18.6625,66.336563
SLS_CHARACTERISTIC,3.1,-19.45,65.38375
SLS_CHARACTERISTIC,3.15,-20.2375,64.391563
SLS_CHARACTERISTIC,3.2,-21.025,63.36
SLS_CHARACTERISTIC,3.25,-21.8125,62.289062
SLS_CHARACTERISTIC,3.3,-22.6,61.17875
SLS_CHARACTERISTIC,3.35,-23.3875,60.029062
SLS_CHARACTERISTIC,3.4,-24.175,58.84
SLS_CHARACTERISTIC,3.45,-24.9625,57.611562
SLS_CHARACTERISTIC,3.5,-25.75,56.34375
SLS_CHARACTERISTIC,3.55,-26.5375,55.036563
SLS_CHARACTERISTIC,3.6,-27.325,53.69
SLS_CHARACTERISTIC,3.65,-28.1125,52.304063
SLS_CHARACTERISTIC,3.7,-28.9,50.87875
SLS_CHARACTERISTIC,3.75,-29.6875,49.414062
SLS_CHARACTERISTIC,3.8,-30.475,47.91
SLS_CHARACTERISTIC,3.85,-31.2625,46.366562
SLS_CHARACTERISTIC,3.9,-32.05,44.78375
SLS_CHARACTERISTIC,3.95,-32.8375,43.161562
SLS_CHARACTERISTIC,4.0,-33.625,41.5
SLS_CHARACTERISTIC,4.05,-34.4125,39.799062
SLS_CHARACTERISTIC,4.1,-35.2,38.05875
SLS_CHARACTERISTIC,4.15,-35.9875,36.279063
SLS_CHARACTERISTIC,4.2,-36.775,34.46
SLS_CHARACTERISTIC,4.25,-37.5625,32.601562
SLS_CHARACTERISTIC,4.3,-38.35,30.70375
SLS_CHARACTERISTIC,4.35,-39.1375,28.766562
SLS_CHARACTERISTIC,4.4,-39.925,26.79
SLS_CHARACTERISTIC,4.45,-40.7125,24.774062
SLS_CHARACTERISTIC,4.5,-41.5,22.71875
SLS_CHARACTERISTIC,4.55,-42.2875,20.624063
SLS_CHARACTERISTIC,4.6,-43.075,18.49
SLS_CHARACTERISTIC,4.65,-43.8625,16.316562
SLS_CHARACTERISTIC,4.7,-44.65,14.10375
SLS_CHARACTERISTIC,4.75,-45.4375,11.851562
SLS_CHARACTERISTIC,4.8,-46.225,9.56
SLS_CHARACTERISTIC,4.85,-47.0125,7.229063
SLS_CHARACTERISTIC,4.9,-47.8,4.85875
SLS_CHARACTERISTIC,4.95,-48.5875,2.449062
SLS_CHARACTERISTIC,5.0,-49.375,0.0
SLS_QUASI_PERMANENT,0.0,22.875,0.0
SLS_QUASI_PERMANENT,0.05,22.5075,1.134563
SLS_QUASI_PERMANENT,0.1,22.14,2.25075
SLS_QUASI_PERMANENT,0.15,21.7725,3.348562
SLS_QUASI_PERMANENT,0.2,21.405,4.428
SLS_QUASI_PERMANENT,0.25,21.0375,5.489063
SLS_QUASI_PERMANENT,0.3,20.67,6.53175
SLS_QUASI_PERMANENT,0.35,20.3025,7.556062
SLS_QUASI_PERMANENT,0.4,19.935,8.562
SLS_QUASI_PERMANENT,0.45,19.5675,9.549563
SLS_QUASI_PERMANENT,0.5,19.2,10.51875
SLS_QUASI_PERMANENT,0.55,18.8325,11.469563
SLS_QUASI_PERMANENT,0.6,18.465,12.402
SLS_QUASI_PERMANENT,0.65,18.0975,13.316063
SLS_QUASI_PERMANENT,0.7,17.73,14.21175
SLS_QUASI_PERMANENT,0.75,17.3625,15.089063
SLS_QUASI_PERMANENT,0.8,16.995,15.948
SLS_QUASI_PERMANENT,0.85,16.6275,16.788562
SLS_QUASI_PERMANENT,0.9,16.26,17.61075
SLS_QUASI_PERMANENT,0.95,15.8925,18.414562
SLS_QUASI_PERMANENT,1.0,15.525,19.2
SLS_QUASI_PERMANENT,1.05,15.1575,19.967063
SLS_QUASI_PERMANENT,1.1,14.79,20.71575
SLS_QUASI_PERMANENT,1.15,14.4225,21.446063
SLS_QUASI_PERMANENT,1.2,14.055,22.158
SLS_QUASI_PERMANENT,1.25,13.6875,22.851562
SLS_QUASI_PERMANENT,1.3,13.32,23.52675
SLS_QUASI_PERMANENT,1.35,12.9525,24.183563
SLS_QUASI_PERMANENT,1.4,12.585,24.822
SLS_QUASI_PERMANENT,1.45,12.2175,25.442062
SLS_QUASI_PERMANENT,1.5,11.85,26.04375
SLS_QUASI_PERMANENT,1.55,11.4825,26.627063
SLS_QUASI_PERMANENT,1.6,11.115,27.192
SLS_QUASI_PERMANENT,1.65,10.7475,27.738563
SLS_QUASI_PERMANENT,1.7,10.38,28.26675
SLS_QUASI_PERMANENT,1.75,10.0125,28.776563
SLS_QUASI_PERMANENT,1.8,9.645,29.268
SLS_QUASI_PERMANENT,1.85,9.2775,29.741063
SLS_QUASI_PERMANENT,1.9,8.91,30.19575
SLS_QUASI_PERMANENT,1.95,8.5425,30.632062
SLS_QUASI_PERMANENT,1.999999,8.175007,31.049992
SLS_QUASI_PERMANENT,2.0,0.675,31.05
SLS_QUASI_PERMANENT,2.000001,0.674993,31.050001
SLS_QUASI_PERMANENT,2.05,0.3075,31.074562
SLS_QUASI_PERMANENT,2.1,-0.06,31.08075
SLS_QUASI_PERMANENT,2.15,-0.4275,31.068562
SLS_QUASI_PERMANENT,2.2,-0.795,31.038
SLS_QUASI_PERMANENT,2.25,-1.1625,30.989063
SLS_QUASI_PERMANENT,2.3,-1.53,30.92175
SLS_QUASI_PERMANENT,2.35,-1.8975,30.836062
SLS_QUASI_PERMANENT,2.4,-2.265,30.732
SLS_QUASI_PERMANENT,2.45,-2.6325,30.609562
SLS_QUASI_PERMANENT,2.5,-3.0,30.46875
SLS_QUASI_PERMANENT,2.55,-3.3675,30.309562
SLS_QUASI_PERMANENT,2.6,-3.735,30.132
SLS_QUASI_PERMANENT,2.65,-4.1025,29.936062
SLS_QUASI_PERMANENT,2.7,-4.47,29.72175
SLS_QUASI_PERMANENT,2.75,-4.8375,29.489063
SLS_QUASI_PERMANENT,2.8,-5.205,29.238
SLS_QUASI_PERMANENT,2.85,-5.5725,28.968563
SLS_QUASI_PERMANENT,2.9,-5.94,28.68075
SLS_QUASI_PERMANENT,2.95,-6.3075,28.374563
SLS_QUASI_PERMANENT,3.0,-6.675,28.05
SLS_QUASI_PERMANENT,3.05,-7.0425,27.707063
SLS_QUASI_PERMANENT,3.1,-7.41,27.34575
SLS_QUASI_PERMANENT,3.15,-7.7775,26.966062
SLS_QUASI_PERMANENT,3.2,-8.145,26.568
SLS_QUASI_PERMANENT,3.25,-8.5125,26.151563
SLS_QUASI_PERMANENT,3.3,-8.88,25.71675
SLS_QUASI_PERMANENT,3.35,-9.2475,25.263563
SLS_QUASI_PERMANENT,3.4,-9.615,24.792
SLS_QUASI_PERMANENT,3.45,-9.9825,24.302062
SLS_QUASI_PERMANENT,3.5,-10.35,23.79375
SLS_QUASI_PERMANENT,3.55,-10.7175,23.267063
SLS_QUASI_PERMANENT,3.6,-11.085,22.722
SLS_QUASI_PERMANENT,3.65,-11.4525,22.158562
SLS_QUASI_PERMANENT,3.7,-11.82,21.57675
SLS_QUASI_PERMANENT,3.75,-12.1875,20.976562
SLS_QUASI_PERMANENT,3.8,-12.555,20.358
SLS_QUASI_PERMANENT,3.85,-12.9225,19.721063
SLS_QUASI_PERMANENT,3.9,-13.29,19.06575
SLS_QUASI_PERMANENT,3.95,-13.6575,18.392063
SLS_QUASI_PERMANENT,4.0,-14.025,17.7
SLS_QUASI_PERMANENT,4.05,-14.3925,16.989562
SLS_QUASI_PERMANENT,4.1,-14.76,16.26075
SLS_QUASI_PERMANENT,4.15,-15.1275,15.513562
SLS_QUASI_PERMANENT,4.2,-15.495,14.748
SLS_QUASI_PERMANENT,4.25,-15.8625,13.964062
SLS_QUASI_PERMANENT,4.3,-16.23,13.16175
SLS_QUASI_PERMANENT,4.35,-16.5975,12.341063
SLS_QUASI_PERMANENT,4.4,-16.965,11.502
SLS_QUASI_PERMANENT,4.45,-17.3325,10.644562
SLS_QUASI_PERMANENT,4.5,-17.7,9.76875
SLS_QUASI_PERMANENT,4.55,-18.0675,8.874563
SLS_QUASI_PERMANENT,4.6,-18.435,7.962
SLS_QUASI_PERMANENT,4.65,-18.8025,7.031063
SLS_QUASI_PERMANENT,4.7,-19.17,6.08175
SLS_QUASI_PERMANENT,4.75,-19.5375,5.114063
SLS_QUASI_PERMANENT,4.8,-19.905,4.128
SLS_QUASI_PERMANENT,4.85,-20.2725,3.123563
SLS_QUASI_PERMANENT,4.9,-20.64,2.10075
SLS_QUASI_PERMANENT,4.95,-21.0075,1.059562
SLS_QUASI_PERMANENT,5.0,-21.375,0.0
